Subject,Key Chapter,StartVerse,EndVerse,Posnack Learning Goals (TBD)
Joshua,1,1,9,The LORD commissions Joshua; be strong and courageous
Joshua,1,10,15,Joshua commands officers and reminds the Transjordan tribes of their duty
Joshua,1,16,18,People pledge obedience to Joshua and echo 'be strong and courageous'
Joshua,2,1,7,Joshua sends two spies to Jericho; they lodge with Rahab
Joshua,2,8,14,"Rahab hides the spies, confesses faith in Israel’s God, and secures a pledge"
Joshua,2,15,21,Rahab helps them escape; scarlet cord as sign
Joshua,2,22,24,"Spies report back: the LORD has given the land, people are melting with fear"
Joshua,3,1,6,Israel moves from Shittim to the Jordan; officers’ instructions; priests to carry the ark
Joshua,3,7,13,The LORD exalts Joshua; promise that Jordan will be cut off
Joshua,3,14,17,Priests’ feet touch the water; Jordan stops; people cross on dry ground
Joshua,4,1,7,Twelve men take twelve stones from the river as a memorial
Joshua,4,8,14,Stones set up; Joshua exalted in the sight of all Israel
Joshua,4,15,18,Priests come up from the Jordan; waters return to their place
Joshua,4,19,24,Memorial at Gilgal explained to future generations
Joshua,5,1,1,Canaanite kings’ hearts melt on hearing of the Jordan crossing
Joshua,5,2,9,Second circumcision at Gilgal; reproach of Egypt rolled away
Joshua,5,10,12,Israel keeps Passover and eats the produce of the land; manna ceases
Joshua,5,13,15,Joshua meets the commander of the LORD’s army
Joshua,6,1,5,The LORD’s instructions for Jericho’s conquest with trumpets and marching
Joshua,6,6,11,First six days: daily march around Jericho with the ark and trumpets
Joshua,6,12,21,Seventh day: seven circuits; shout; walls fall; city devoted to destruction
Joshua,6,22,25,Rahab and her household spared and settled among Israel
Joshua,6,26,27,Joshua’s curse on rebuilding Jericho; the LORD is with Joshua
Joshua,7,1,5,Achan’s sin; Israel’s defeat at Ai
Joshua,7,6,9,Joshua and elders mourn and question the LORD
Joshua,7,10,15,The LORD reveals hidden sin as the cause of defeat
Joshua,7,16,23,Tribal selection exposes Achan; stolen items found
Joshua,7,24,26,Achan and what belonged to him destroyed in the Valley of Achor
Joshua,8,1,2,The LORD encourages Joshua; strategy for taking Ai
Joshua,8,3,13,Joshua sets ambush behind Ai; forces arranged
Joshua,8,14,23,"Feigned retreat, signal with javelin, ambush rises; Ai captured"
Joshua,8,24,29,City and inhabitants destroyed; king of Ai executed
Joshua,8,30,35,Altar on Mount Ebal; law written on stones; blessings and curses read
Joshua,9,1,2,Canaanite kings unite to fight Israel
Joshua,9,3,15,Gibeonites’ deception as distant travelers; Israel makes a covenant without consulting the LORD
Joshua,9,16,21,Deception discovered; Gibeonites spared but made woodcutters and water carriers
Joshua,9,22,27,Joshua confronts Gibeon; their explanation; covenant upheld
Joshua,10,1,5,Five Amorite kings form alliance and attack Gibeon
Joshua,10,6,11,Joshua marches overnight; surprise attack; hailstones from heaven
Joshua,10,12,15,Sun and moon stand still at Joshua’s request until victory is complete
Joshua,10,16,21,Five kings hide in a cave at Makkedah; cave sealed during battle
Joshua,10,22,27,"Kings brought out, humiliated, killed, and hung; cave sealed with stones"
Joshua,10,28,39,"Conquest of southern cities: Makkedah, Libnah, Lachish, Eglon, Hebron, Debir"
Joshua,10,40,43,Summary: Joshua defeats all the south; LORD fights for Israel
Joshua,11,1,5,Northern kings under Jabin of Hazor form large coalition
Joshua,11,6,9,"The LORD tells Joshua not to fear; horses hamstrung, chariots burned"
Joshua,11,10,15,Hazor taken and burned; other cities not burned; Joshua obeys as commanded
Joshua,11,16,20,Summary of lands taken and long war with many kings
Joshua,11,21,23,Anakim destroyed from hill country; land rests from war
Joshua,12,1,6,Summary of kings defeated by Moses east of the Jordan
Joshua,12,7,24,List of thirty-one kings defeated by Joshua west of the Jordan
Joshua,13,1,7,Joshua old; large areas remain; LORD instructs him to apportion remaining land
Joshua,13,8,14,"Review of land east of the Jordan given by Moses to Reuben, Gad, and half-Manasseh"
Joshua,13,15,23,Territory allotted to the tribe of Reuben east of the Jordan
Joshua,13,24,28,Territory allotted to the tribe of Gad east of the Jordan
Joshua,13,29,33,Territory allotted to the half-tribe of Manasseh east of the Jordan; Levites receive no land
Joshua,14,1,5,"Introduction to the distribution of land in Canaan by Eleazar, Joshua, and tribal heads"
Joshua,14,6,12,Caleb requests Hebron based on Moses’ promise for his faithfulness
Joshua,14,13,15,Joshua blesses Caleb; Hebron given as his inheritance
Joshua,15,1,12,Description of the southern boundary of Judah’s territory
Joshua,15,13,19,Caleb receives Hebron and Debir; Achsah asks for and receives springs
Joshua,15,20,32,List of towns in the Negev for the tribe of Judah
Joshua,15,33,47,List of towns in the Shephelah (lowland) of Judah
Joshua,15,48,60,List of towns in the hill country of Judah
Joshua,15,61,63,List of towns in the wilderness; Jebusites remain in Jerusalem
Joshua,16,1,4,General territory of the sons of Joseph (Ephraim and Manasseh)
Joshua,16,5,10,Specific borders and towns of Ephraim; Canaanites remain in Gezer under forced labor
Joshua,17,1,6,"Allotment for Manasseh, including Zelophehad’s daughters receiving an inheritance"
Joshua,17,7,13,Manasseh’s territory described; Canaanites not fully driven out
Joshua,17,14,18,Complaint of Joseph’s tribes about land size; Joshua urges them to clear the hill country
Joshua,18,1,7,Tent of meeting set up at Shiloh; remaining land still to be allotted
Joshua,18,8,10,Joshua sends men to survey the land into seven parts; lots to be cast at Shiloh
Joshua,18,11,20,Lot for Benjamin; description of Benjamin’s northern and southern boundaries
Joshua,18,21,28,"List of Benjamin’s cities, including Jerusalem, Gibeon, Mizpah, and others"
Joshua,19,1,9,Second lot: Simeon’s inheritance within Judah’s territory
Joshua,19,10,16,Third lot: Zebulun’s territory and its border towns
Joshua,19,17,23,Fourth lot: Issachar’s territory and its cities
Joshua,19,24,31,Fifth lot: Asher’s territory and its cities
Joshua,19,32,39,Sixth lot: Naphtali’s territory and its cities
Joshua,19,40,48,Seventh lot: Dan’s territory; mention of capturing Leshem (Laish)
Joshua,19,49,51,Joshua receives Timnath-serah as his own inheritance; summary of finished allotment at Shiloh
Joshua,20,1,6,Command and designation of cities of refuge for accidental killers
Joshua,20,7,9,List of six cities of refuge—three west and three east of the Jordan
Joshua,21,1,8,Levite leaders request towns; command to give them cities with pasturelands
Joshua,21,9,19,"Cities given to the priests, descendants of Aaron, from Judah, Simeon, and Benjamin"
Joshua,21,20,26,"Cities for the rest of the Kohathites from Ephraim, Dan, and half-Manasseh"
Joshua,21,27,33,"Cities for the Gershonites from Issachar, Asher, Naphtali, and half-Manasseh in Bashan"
Joshua,21,34,40,"Cities for the Merarites from Zebulun, Reuben, and Gad"
Joshua,21,41,42,Total of forty-eight Levitical cities with pasturelands
Joshua,21,43,45,Summary: the LORD gave Israel all the land and rest; all promises fulfilled
Joshua,22,1,6,Joshua commends the Transjordan tribes for their faithfulness and sends them home with blessing
Joshua,22,7,9,"Return of Reuben, Gad, and half-Manasseh to their lands with great wealth"
Joshua,22,10,14,Transjordan tribes build a large altar by the Jordan; news reaches the other Israelites
Joshua,22,15,20,"Delegation led by Phinehas confronts them, fearing rebellion like Peor and Achan"
Joshua,22,21,29,"Transjordan tribes explain the altar is a witness, not for sacrifices"
Joshua,22,30,34,Phinehas and leaders accept the explanation; altar named as witness between them
Joshua,23,1,5,"Joshua, old and advanced in years, reminds Israel of what the LORD has done and remaining nations"
Joshua,23,6,11,"Call to be very strong to keep the law, avoid other gods, and cling to the LORD"
Joshua,23,12,16,Warning: mixing with nations and serving their gods will bring loss of the land and destruction
Joshua,24,1,13,Assembly at Shechem; historical review from Abraham to the conquest
Joshua,24,14,18,Joshua exhorts Israel to fear the LORD and serve Him alone; people affirm allegiance
Joshua,24,19,24,Joshua warns of the LORD’s holiness and jealousy; people insist on serving the LORD
Joshua,24,25,28,"Joshua makes a covenant, sets up a stone as witness, and records it"
Joshua,24,29,31,Death and burial of Joshua; Israel serves the LORD in his days and the elders’ days
Joshua,24,32,33,Burial of Joseph’s bones at Shechem; death and burial of Eleazar
Judges,1,1,7,"After Joshua’s death, Judah and Simeon begin taking their allotted territory"
Judges,1,8,15,"Capture of Jerusalem, Hebron, Debir; story of Othniel and Achsah reiterated"
Judges,1,16,21,Kenites settle; southern campaigns; some Canaanites left in Gezer
Judges,1,22,26,House of Joseph takes Bethel with help from a local man
Judges,1,27,36,Incomplete conquests: tribes fail to drive out various Canaanite groups
Judges,2,1,5,Angel of the LORD rebukes Israel at Bochim for failing to tear down altars
Judges,2,6,10,"Transition from Joshua’s generation to the next, which does not know the LORD"
Judges,2,11,19,"Cycle introduced: sin, oppression, judges raised up, partial reform, relapse"
Judges,2,20,23,The LORD leaves nations to test Israel’s obedience
Judges,3,1,6,Nations left to test Israel; intermarriage and idolatry described
Judges,3,7,11,Othniel delivers Israel from Cushan‑Rishathaim; land has rest
Judges,3,12,30,Ehud delivers Israel from Moab; assassination of Eglon; long rest
Judges,3,31,31,Shamgar strikes down Philistines with an oxgoad
Judges,4,1,3,Israel does evil after Ehud; the LORD sells them to Jabin king of Canaan and Sisera with 900 iron chariots
Judges,4,4,7,Deborah the prophetess judges Israel; she summons Barak and conveys the LORD’s command to gather at Mount Tabor
Judges,4,8,10,Barak insists Deborah go with him; she agrees but foretells honor will go to a woman; they muster ten thousand
Judges,4,11,11,Parenthetical note about Heber the Kenite who had separated from his clan
Judges,4,12,16,Sisera musters chariots; Deborah gives the signal; the LORD routes Sisera and his army before Barak
Judges,4,17,21,"Sisera flees to Jael’s tent; she welcomes him, then kills him with a tent peg as he sleeps"
Judges,4,22,24,Barak arrives; Jael shows him Sisera dead; God subdues Jabin and Israel grows stronger until he is destroyed
Judges,5,1,5,Deborah and Barak sing; blessing the LORD when leaders lead and people volunteer; God’s majestic march
Judges,5,6,11,Description of Israel’s distress before Deborah; praise for those who willingly offered themselves
Judges,5,12,18,"Call to awake, Deborah; rallying of tribes; commendation of tribes who came, rebuke of those who stayed away"
Judges,5,19,23,Kings of Canaan fought; stars and torrent Kishon fight against Sisera; curse on Meroz for not helping
Judges,5,24,27,Jael praised above women; vivid description of Sisera’s death in her tent
Judges,5,28,30,Sisera’s mother waits and speculates; attendants imagine plunder and captive women
Judges,5,31,31,Prayer that the LORD’s enemies perish and lovers be like the rising sun; land has rest forty years
Judges,6,1,6,Israel does evil; the LORD gives them into Midian’s hand; Midian devastates the land and Israel cries out
Judges,6,7,10,Prophet sent to remind Israel of God’s deliverance from Egypt and their disobedience
Judges,6,11,18,Angel of the LORD appears to Gideon; calls him ‘mighty warrior’; Gideon questions and asks for a sign
Judges,6,19,24,Gideon offers food; fire consumes the offering; Gideon fears but receives peace; altar named 'The LORD is Peace'
Judges,6,25,27,Gideon commanded to tear down Baal’s altar and Asherah pole; he obeys by night
Judges,6,28,32,Men of the town seek Gideon’s death; Joash defends him; Gideon nicknamed Jerubbaal
Judges,6,33,35,Midianites and allies gather; Spirit of the LORD comes on Gideon; he blows the trumpet and summons tribes
Judges,6,36,40,"Gideon asks for confirmation with the fleece signs; dew on fleece only, then dew on ground only"
Judges,7,1,3,Gideon and his men camp; the LORD says the army is too large; fearful are sent home
Judges,7,4,8,Water test reduces the army to three hundred; others sent home; Gideon keeps the three hundred
Judges,7,9,15,God sends Gideon to overhear a Midianite’s dream and its interpretation; Gideon worships and returns to rally
Judges,7,16,18,"Gideon divides the three hundred into three companies; gives trumpets, jars, and torches; battle plan explained"
Judges,7,19,22,"At the watch change they blow trumpets, break jars, shout; LORD sets Midianites against each other; they flee"
Judges,7,23,25,Israelites from other tribes called to pursue; Ephraim captures and kills Oreb and Zeeb; heads brought to Gideon
Judges,8,1,3,Ephraim complains about not being called earlier; Gideon appeases them with gentle answer
Judges,8,4,9,Gideon pursues kings Zebah and Zalmunna; Succoth and Penuel refuse aid; Gideon threatens discipline
Judges,8,10,12,Gideon surprises the remaining Midianite army and captures Zebah and Zalmunna
Judges,8,13,17,Gideon returns; punishes Succoth’s elders with thorns and destroys Penuel’s tower
Judges,8,18,21,Gideon questions the captured kings about killing his brothers; he executes Zebah and Zalmunna
Judges,8,22,23,"Israel asks Gideon to rule as king; he refuses, affirming the LORD as ruler"
Judges,8,24,28,Gideon makes an ephod from spoils; Israel prostitutes itself after it; Midian subdued; land has rest forty years
Judges,8,29,32,Gideon’s household and many sons; death of Gideon and his burial
Judges,8,33,35,After Gideon’s death Israel returns to Baal worship and forgets the LORD and Gideon’s kindness
Judges,9,1,6,"Abimelech goes to Shechem, persuades his mother’s relatives, and is funded to seek rule"
Judges,9,7,15,Jotham’s parable from Mount Gerizim about the trees and the bramble
Judges,9,16,21,"Jotham applies the parable, calls for judgment on Abimelech and Shechem, then flees"
Judges,9,22,25,God sends an evil spirit between Abimelech and Shechem; Shechemites set ambushes
Judges,9,26,33,Gaal son of Ebed arrives; stirs rebellion in Shechem; Zebul informs Abimelech
Judges,9,34,41,Abimelech’s night ambush; Gaal driven out; Abimelech stays at Arumah
Judges,9,42,45,"Abimelech attacks Shechem, kills people, and destroys the city, sowing it with salt"
Judges,9,46,49,Abimelech and men burn the tower of Shechem; about a thousand die
Judges,9,50,55,Abimelech attacks Thebez; a woman drops a millstone on his head; he dies by his armor-bearer
Judges,9,56,57,Summary: God repays Abimelech and men of Shechem for their wickedness
Judges,10,1,2,Tola of Issachar rises to save Israel; judges for twenty-three years
Judges,10,3,5,"Jair the Gileadite judges for twenty-two years; thirty sons, thirty towns in Gilead"
Judges,10,6,9,Israel again serves many foreign gods; LORD’s anger; oppression by Philistines and Ammonites
Judges,10,10,14,Israel cries out; the LORD recounts past deliverances and tells them to cry to their chosen gods
Judges,10,15,18,Israel puts away foreign gods; Ammon camps in Gilead; leaders seek someone to lead them
Judges,11,1,3,"Jephthah the Gileadite introduced as a mighty warrior, son of a prostitute, driven away by half-brothers"
Judges,11,4,11,Elders of Gilead call Jephthah to lead against Ammon; he agrees under condition of leadership
Judges,11,12,28,Jephthah’s negotiations with the king of Ammon; historical argument for Israel’s right to the land
Judges,11,29,31,Spirit of the LORD comes upon Jephthah; he makes a vow before battle
Judges,11,32,33,Jephthah defeats the Ammonites with a great slaughter
Judges,11,34,40,Jephthah’s daughter meets him; fulfillment of the vow; she laments her virginity; custom in Israel
Judges,12,1,3,Ephraim confronts Jephthah angrily for not calling them to fight Ammon; threatens to burn his house
Judges,12,4,7,Jephthah’s reply and battle with Ephraim; Gileadites seize fords and slay fugitives by 'Shibboleth' test; Jephthah’s death
Judges,12,8,10,Brief notice of Ibzan of Bethlehem judging Israel and his many sons and daughters
Judges,12,11,12,Brief notice of Elon the Zebulunite judging Israel ten years
Judges,12,13,15,Brief notice of Abdon son of Hillel with many sons and grandsons; his death and burial
Judges,13,1,5,Israel again does evil; the LORD gives them into Philistine hand; angel appears to barren woman promising a Nazirite son
Judges,13,6,7,Woman reports the angel’s message to Manoah
Judges,13,8,14,Manoah prays; angel returns; instructions about Nazirite separation repeated
Judges,13,15,20,Manoah offers hospitality; realizes it is the angel of the LORD after the offering ascends in the flame
Judges,13,21,23,Manoah fears death for seeing God; his wife reassures him based on God’s acceptance of the offering
Judges,13,24,25,"Birth of Samson; he grows, the LORD blesses him, and the Spirit begins to stir him"
Judges,14,1,4,Samson desires a Philistine woman at Timnah; parents object; note that this is from the LORD seeking an occasion against Philistines
Judges,14,5,9,Samson kills a lion with his bare hands; later finds honey in the carcass and shares it without telling the source
Judges,14,10,14,Wedding feast; Samson poses a riddle to thirty companions based on the lion and honey
Judges,14,15,18,Philistines pressure Samson’s wife to extract the answer; Samson’s anger when they solve the riddle
Judges,14,19,20,Spirit of the LORD comes on Samson; he strikes down thirty men of Ashkelon; wife given to his companion
Judges,15,1,3,Samson visits his wife; discovers she has been given to his companion; he vows revenge on Philistines
Judges,15,4,8,Samson burns Philistine grain with foxes and torches; Philistines burn his wife and her father; Samson strikes them down
Judges,15,9,13,Philistines camp against Judah; three thousand men of Judah bind Samson to hand him over
Judges,15,14,17,Ropes fall from his hands; Samson kills a thousand men with a donkey’s jawbone
Judges,15,18,20,Samson cries out for water; God provides from a hollow place; Samson judges Israel twenty years
Judges,16,1,3,"Samson goes to Gaza, visits a prostitute; escapes by carrying away city gates"
Judges,16,4,9,Samson loves Delilah; Philistine lords bribe her; first attempts to discover his strength (seven bowstrings)
Judges,16,10,14,Delilah’s second and third attempts with new ropes and weaving his hair; Samson still breaks free
Judges,16,15,17,Delilah presses Samson daily; he finally reveals his Nazirite secret about his hair
Judges,16,18,21,"Delilah has his hair cut; LORD departs; Samson seized, eyes put out, and imprisoned grinding grain"
Judges,16,22,25,Samson’s hair begins to grow; Philistine lords gather in Dagon’s temple to celebrate
Judges,16,26,30,"Samson prays for strength; pushes the pillars; temple collapses, killing more in his death than in his life"
Judges,16,31,31,Siblings retrieve Samson’s body and bury him between Zorah and Eshtaol after twenty years of judging Israel
Judges,17,1,6,Micah returns stolen silver to his mother; they dedicate it but use it to make an idol and private shrine
Judges,17,7,10,A young Levite from Bethlehem in Judah comes traveling; Micah invites him to stay as priest
Judges,17,11,13,Levite agrees to live with Micah as priest; Micah assumes the LORD will bless him because he has a Levite
Judges,18,1,6,"In days without a king, Danites seek territory; spies lodge at Micah’s house and learn of his Levite priest"
Judges,18,7,10,"Spies report a quiet, unsuspecting people in Laish; encourage taking the land"
Judges,18,11,20,"Six hundred Danites set out; they take Micah’s idol, ephod, and household gods; persuade Levite to join them"
Judges,18,21,26,Micah pursues the Danites but cannot recover his gods and priest; he returns home
Judges,18,27,31,"Danites capture and burn Laish, rebuild it as Dan, set up the idol; Jonathan son of Gershom and descendants serve as priests"
Judges,19,1,4,A Levite from Ephraim takes a concubine from Bethlehem; she leaves him and returns to her father’s house
Judges,19,5,10,Levite goes to retrieve her; warmly received; delayed several days by hospitable father-in-law
Judges,19,11,15,They depart late; refuse to stay in Jebus; decide to lodge in Gibeah of Benjamin
Judges,19,16,21,Old man offers hospitality in Gibeah when others will not
Judges,19,22,26,Men of the city surround house demanding the Levite; concubine given over; abused all night; collapses at door
Judges,19,27,30,"Levite finds her at the door, takes her body home, cuts her into twelve pieces, and sends them throughout Israel"
Judges,20,1,7,All Israel gathers at Mizpah; hear the Levite’s account; united resolve to act against Gibeah
Judges,20,8,13,Israel swears not to go home until justice done; demand Benjamin hand over the wicked men; Benjamin refuses
Judges,20,14,17,Benjamin musters its fighting men; Israel’s forces counted
Judges,20,18,23,First battle: Israel inquires of God; goes up; suffers heavy losses
Judges,20,24,28,Second battle: again inquires; again defeated; further weeping and inquiry before the LORD
Judges,20,29,36,Third battle: ambush set; LORD gives Benjamin into Israel’s hand; turning of the battle signaled by smoke
Judges,20,37,48,"Benjamin routed; cities, people, and animals of Benjamin destroyed; only 600 men escape to rock of Rimmon"
Judges,21,1,7,Israel laments that a tribe is cut off; recall oath not to give daughters to Benjamin
Judges,21,8,12,Inquiry at Bethel; discovery that Jabesh Gilead did not come; they strike the city and take virgin women
Judges,21,13,18,Benjamin invited back; women of Jabesh given; still not enough; concern for preserving a tribe
Judges,21,19,23,Plan for Benjamites to seize wives from the dances at Shiloh to avoid oath violation
Judges,21,24,25,Benjamites return to their inheritance; final note that there was no king in Israel and all did what was right in their own eyes
Ruth,1,1,5,Naomi’s family leaves Bethlehem for Moab; Elimelech dies; Mahlon and Chilion marry Moabite women and then die
Ruth,1,6,9,Naomi hears the LORD has visited His people; sets out from Moab with her daughters-in-law
Ruth,1,10,14,"Naomi urges them to return to their own mothers’ houses; Orpah kisses her goodbye, Ruth clings to her"
Ruth,1,15,18,"Ruth’s pledge to Naomi: your people my people, your God my God; they go on together to Bethlehem"
Ruth,1,19,22,"Arrival in Bethlehem; Naomi asks to be called Mara, saying the Almighty has dealt bitterly; Ruth the Moabitess returns at barley harvest"
Ruth,2,1,3,Naomi has a relative named Boaz; Ruth asks permission to glean in the fields and ‘happens’ to come to Boaz’s field
Ruth,2,4,9,"Boaz arrives, learns who she is, and instructs her to stay in his fields with his maidens and drink from his men’s water jars"
Ruth,2,10,13,Ruth’s humility and surprise at his favor; Boaz commends her for her kindness to Naomi and prays for the LORD’s reward
Ruth,2,14,17,Boaz invites her to eat; orders extra grain left for her; Ruth gleans abundantly until evening
Ruth,2,18,23,Ruth reports to Naomi; Naomi recognizes Boaz as a close relative and blesses the LORD; Ruth continues in Boaz’s fields through harvests
Ruth,3,1,5,"Naomi instructs Ruth to wash, anoint, dress, and go to Boaz at the threshing floor to seek marriage as kinsman-redeemer"
Ruth,3,6,9,"Ruth follows instructions, uncovers Boaz’s feet; he awakens; she asks him to spread his cloak over her as redeemer"
Ruth,3,10,13,Boaz blesses her for seeking him rather than younger men; notes there is a nearer redeemer; promises to settle the matter
Ruth,3,14,18,Ruth leaves before dawn with barley; Naomi interprets Boaz’s actions as assurance he will not rest until resolved
Ruth,4,1,4,Boaz meets the nearer kinsman at the gate and brings elders; presents the opportunity to redeem Naomi’s land
Ruth,4,5,8,Boaz adds that redeeming includes taking Ruth as wife; nearer kinsman declines; removes sandal to confirm transfer
Ruth,4,9,12,Boaz publicly declares he has acquired the land and Ruth as wife; elders bless him with fruitfulness and renown
Ruth,4,13,17,Marriage of Boaz and Ruth; birth of Obed; Naomi cared for; women praise the LORD; Obed named and placed in Naomi’s lap
Ruth,4,18,22,"Genealogy from Perez to David, including Boaz, Obed, and Jesse"
1 Samuel,1,1,8,Elkanah’s family introduced; Hannah is barren and provoked by Peninnah; annual worship at Shiloh
1 Samuel,1,9,18,"Hannah’s anguished prayer for a son and vow; Eli first misjudges, then blesses her; she departs in peace"
1 Samuel,1,19,23,The LORD remembers Hannah; Samuel is born and weaned; Hannah prepares to fulfill her vow
1 Samuel,1,24,28,Hannah presents young Samuel to Eli at Shiloh as dedicated to the LORD for life
1 Samuel,2,1,10,Hannah’s prayer/song exalting the LORD’s holiness and reversal of fortunes
1 Samuel,2,11,21,Samuel ministers before the LORD; contrast with Eli’s sons; Hannah’s further children; Samuel grows
1 Samuel,2,22,26,Eli hears of his sons’ wickedness with offerings and women; rebukes them; Samuel continues to grow in favor
1 Samuel,2,27,36,"Man of God prophesies judgment on Eli’s house: loss of priesthood, death of sons, and a faithful priest to come"
1 Samuel,3,1,3,Word of the LORD rare; Samuel ministers to the LORD; Eli’s eyes dim
1 Samuel,3,4,10,"The LORD calls Samuel three times; Eli realizes it is the LORD; Samuel responds, 'Speak, for your servant is listening'"
1 Samuel,3,11,18,Message of judgment against Eli’s house given to Samuel; Eli insists to hear and accepts the word
1 Samuel,3,19,21,Samuel grows; LORD is with him; all Israel recognizes him as prophet; word of the LORD continues at Shiloh
1 Samuel,4,1,4,Israel defeated by Philistines; elders decide to bring the ark from Shiloh
1 Samuel,4,5,11,Ark arrives; great shout; Philistines fear but fight; Israel defeated; Hophni and Phinehas killed; ark captured
1 Samuel,4,12,18,Runner brings news; Eli falls backward and dies upon hearing of ark’s capture
1 Samuel,4,19,22,Phinehas’ wife gives birth to Ichabod; declares 'the glory has departed from Israel'
1 Samuel,5,1,5,Philistines place the ark in Dagon’s temple; Dagon falls before the ark
1 Samuel,5,6,12,"LORD’s hand heavy on Ashdod, then Gath and Ekron; tumors and panic; desire to move the ark from Philistine territory"
1 Samuel,6,1,9,Philistine priests advise sending ark back with guilt offerings and test to see if plague is from the LORD
1 Samuel,6,10,16,Ark returned on a new cart to Beth Shemesh; people rejoice and offer sacrifices
1 Samuel,6,17,21,Gold offerings listed; LORD strikes some men of Beth Shemesh; ark sent on to Kiriath Jearim
1 Samuel,7,1,2,Ark brought to house of Abinadab; consecration of Eleazar; long lamenting after the LORD
1 Samuel,7,3,6,Samuel calls Israel to put away foreign gods and serve the LORD only; assembly at Mizpah with confession and fasting
1 Samuel,7,7,11,Philistines attack; Samuel cries to the LORD; LORD thunders against them; Israel pursues and defeats them
1 Samuel,7,12,14,Samuel sets up Ebenezer stone; LORD’s hand against Philistines; cities restored to Israel
1 Samuel,7,15,17,Summary of Samuel’s judging; yearly circuit and home base at Ramah
1 Samuel,8,1,3,Samuel’s sons appointed as judges but walk in unjust ways
1 Samuel,8,4,9,Elders of Israel demand a king to be like other nations; LORD tells Samuel they have rejected Him as king
1 Samuel,8,10,18,"Samuel warns of the king’s ways: conscription, taxation, and burdensome rule"
1 Samuel,8,19,22,People refuse to listen; insist on a king; LORD tells Samuel to give them a king
1 Samuel,9,1,2,Saul of Benjamin introduced as tall and handsome
1 Samuel,9,3,14,Saul and servant search for lost donkeys; decide to consult the man of God in the city
1 Samuel,9,15,21,LORD reveals Saul to Samuel as chosen ruler; Samuel honors Saul at the feast
1 Samuel,9,22,27,Samuel brings Saul to the roof; prepares to reveal God’s message privately
1 Samuel,10,1,8,Samuel anoints Saul; gives signs confirming God’s choice and instructions about Gilgal
1 Samuel,10,9,13,"Signs fulfilled; Spirit of God comes on Saul; he prophesies; proverb, 'Is Saul also among the prophets?'"
1 Samuel,10,14,16,Saul returns home; conceals details of kingship from his uncle
1 Samuel,10,17,24,"Samuel gathers Israel at Mizpah; Saul chosen by lot; people shout, 'Long live the king!'"
1 Samuel,10,25,27,"Samuel writes the rights and duties of kingship; some despise Saul, others support him"
1 Samuel,11,1,3,Nahash the Ammonite besieges Jabesh Gilead; harsh terms offered; elders seek help
1 Samuel,11,4,8,News reaches Saul; Spirit of God comes on him; he musters Israel with parts of oxen
1 Samuel,11,9,11,Saul promises deliverance; surprise attack at dawn; Ammonites scattered
1 Samuel,11,12,15,People propose executing those who despised Saul; Saul refuses; kingship renewed at Gilgal with sacrifices and joy
1 Samuel,12,1,5,Samuel’s farewell begins; he testifies to his integrity; people affirm he has not defrauded them
1 Samuel,12,6,15,Samuel recounts the LORD’s saving acts and Israel’s recurring unfaithfulness; shows they have sinned in asking for a king
1 Samuel,12,16,19,Samuel calls on the LORD for thunder and rain as sign; people greatly fear and ask for prayer
1 Samuel,12,20,25,Samuel urges them not to turn aside from following the LORD; promises continued intercession and instruction; warns of consequences of wickedness
Book,Chapter,StartVerse,EndVerse,Description
1 Samuel,13,1,4,Saul’s early reign noted; Jonathan attacks Philistine garrison; Israel becomes odious to Philistines
1 Samuel,13,5,7,Philistines assemble a massive army; Israelites hide in fear; Saul waits at Gilgal
1 Samuel,13,8,14,Saul offers the burnt offering before Samuel arrives; Samuel rebukes him and announces loss of dynasty
1 Samuel,13,15,18,Samuel leaves Gilgal; Saul counts remaining men; Philistine raiding parties go out
1 Samuel,13,19,23,Description of Israel’s lack of weapons and smiths; only Saul and Jonathan have swords
Book,Chapter,StartVerse,EndVerse,Description
1 Samuel,14,1,7,Jonathan proposes to his armor-bearer to go over to the Philistine outpost; they trust the LORD’s sign
1 Samuel,14,8,15,Jonathan and armor-bearer climb and strike down about twenty men; panic sent by God among Philistines
1 Samuel,14,16,23,Saul’s watchmen see the commotion; Saul inquires and joins battle; LORD saves Israel that day
1 Samuel,14,24,30,"Saul’s rash oath forbidding food until evening; Jonathan, unaware, tastes honey"
1 Samuel,14,31,35,Weakening of troops from fasting; people sin by eating with blood; Saul builds an altar to the LORD
1 Samuel,14,36,46,Inquiry by lots reveals Jonathan as the one who violated the oath; people rescue Jonathan from execution
1 Samuel,14,47,52,Summary of Saul’s battles and family members during his reign
Book,Chapter,StartVerse,EndVerse,Description
1 Samuel,15,1,3,Samuel conveys the LORD’s command to devote Amalek and all it has to destruction
1 Samuel,15,4,9,"Saul musters Israel; defeats Amalek, but spares Agag and the best of the animals"
1 Samuel,15,10,15,The word of the LORD comes to Samuel; Samuel confronts Saul about the spared animals
1 Samuel,15,16,23,"Samuel rebukes Saul, stressing obedience over sacrifice; declares the kingdom torn from him"
1 Samuel,15,24,31,Saul admits sin yet seeks honor before the people; Samuel turns away; Saul grasps his robe
1 Samuel,15,32,35,Samuel has Agag brought and kills him; Samuel and Saul separate; LORD regrets making Saul king
Book,Chapter,StartVerse,EndVerse,Description
1 Samuel,16,1,5,The LORD sends Samuel to Bethlehem to anoint a new king from Jesse’s sons; elders tremble at his arrival
1 Samuel,16,6,11,"Samuel passes over Jesse’s older sons; LORD teaches that He looks on the heart, not appearance"
1 Samuel,16,12,13,"David, the youngest, is brought in; LORD says 'this is the one'; Samuel anoints him; Spirit of the LORD comes upon David"
1 Samuel,16,14,18,Spirit of the LORD departs from Saul; distressing spirit troubles him; servants recommend seeking a skillful musician
1 Samuel,16,19,23,David chosen to play for Saul; Saul loves him and makes him armor-bearer; David’s music soothes Saul
,,,,
1 Samuel,17,1,11,Philistines and Israel face off; Goliath challenges Israel’s army and terrifies them
1 Samuel,17,12,20,"David, son of Jesse, goes from tending sheep to bring food to his brothers at the battle"
1 Samuel,17,21,27,David hears Goliath’s taunts; asks about the reward; questions why this uncircumcised Philistine defies God’s army
1 Samuel,17,28,30,Eliab rebukes David; David insists he has a cause
1 Samuel,17,31,40,David brought to Saul; expresses confidence in the LORD; recalls lion and bear; chooses sling and stones instead of armor
1 Samuel,17,41,47,David and Goliath exchange words; David declares the battle is the LORD’s and that He will deliver Goliath
1 Samuel,17,48,54,"David runs toward Goliath, slings a stone, fells and kills him; cuts off his head; Philistines flee; spoils taken"
1 Samuel,17,55,58,Saul inquires whose son David is; David identifies himself as son of Jesse the Bethlehemite
,,,,
1 Samuel,18,1,4,Jonathan’s soul knit to David; they make a covenant; Jonathan gives David his robe and weapons
1 Samuel,18,5,9,David succeeds in Saul’s service; women sing of Saul and David; Saul becomes jealous and suspicious
1 Samuel,18,10,16,Evil spirit on Saul; he twice tries to spear David; David avoids him; Saul fears David; David’s success continues
1 Samuel,18,17,21,"Saul offers Merab, then Michal, as snare; Michal loves David; Saul plots through marriage"
1 Samuel,18,22,27,Saul demands one hundred Philistine foreskins as bride price; David brings two hundred; Saul gives Michal to David
1 Samuel,18,28,30,Saul sees the LORD is with David and that Michal loves him; he becomes David’s enemy continually; David’s fame grows
,,,,
1 Samuel,19,1,7,Saul orders Jonathan and servants to kill David; Jonathan warns David and intercedes; Saul swears not to kill him
1 Samuel,19,8,10,War resumes; David succeeds again; evil spirit on Saul; he tries to pin David to wall; David escapes
1 Samuel,19,11,17,Saul sends men to David’s house; Michal helps David escape; she uses an idol in the bed as a ruse
1 Samuel,19,18,24,David flees to Samuel at Naioth; Saul sends messengers and goes himself; Spirit of God comes on them; Saul prophesies
,,,,
1 Samuel,20,1,4,"David meets Jonathan, expressing fear of Saul’s intent; Jonathan offers to help discover Saul’s true disposition"
1 Samuel,20,5,9,David proposes the new moon test by his absence from the king’s table; Jonathan agrees and will report Saul’s reaction
1 Samuel,20,10,17,"Jonathan and David confirm their covenant before the LORD, extending it to David’s descendants"
1 Samuel,20,18,23,Jonathan explains the signal with arrows to indicate Saul’s attitude; reaffirms covenant
1 Samuel,20,24,34,At the feast Saul notices David’s absence; enraged at Jonathan; throws spear at him; Jonathan grieves
1 Samuel,20,35,42,Jonathan signals David with arrows; private farewell; they weep together; Jonathan sends David away in peace under covenant
,,,,
Book,Chapter,StartVerse,EndVerse,Description
1 Samuel,21,1,6,David comes to Nob to Ahimelech; receives holy bread for lack of ordinary bread
1 Samuel,21,7,9,Doeg the Edomite present; David asks for a weapon and receives Goliath’s sword
1 Samuel,21,10,15,David flees to Achish king of Gath; feigns madness to escape and departs
,,,,
1 Samuel,22,1,2,"David escapes to the cave of Adullam; family and distressed, indebted men gather to him"
1 Samuel,22,3,5,David moves parents to Moab; Gad the prophet directs him back to Judah
1 Samuel,22,6,10,Saul learns of David’s supporters; suspects conspiracy; Doeg reports about Nob
1 Samuel,22,11,19,Saul confronts Ahimelech; orders execution of priests; Doeg kills priests and destroys Nob
1 Samuel,22,20,23,"Abiathar escapes to David, bringing news of Saul’s slaughter of the priests"
,,,,
1 Samuel,23,1,5,David inquires of the LORD and delivers Keilah from the Philistines
1 Samuel,23,6,14,Saul plans to trap David at Keilah; David inquires again and flees; stays in strongholds of Ziph
1 Samuel,23,15,18,Jonathan finds David; renews covenant and strengthens his hand in God
1 Samuel,23,19,23,Ziphites betray David’s location to Saul
1 Samuel,23,24,29,Saul nearly closes in; a Philistine raid forces him away; David moves to En Gedi
,,,,
1 Samuel,24,1,7,Saul pursues David in En Gedi; enters a cave; David secretly cuts off a corner of his robe but restrains his men
1 Samuel,24,8,15,"David reveals himself, shows the robe corner, and asserts his innocence; appeals to the LORD’s judgment"
1 Samuel,24,16,22,"Saul weeps, acknowledges David’s righteousness and future kingship; they part, David returning to the stronghold"
,,,,
1 Samuel,25,1,1,Samuel dies; all Israel mourns and buries him; David goes to the wilderness of Paran
1 Samuel,25,2,8,Introduction of Nabal and Abigail; David’s men courteously request provisions during sheep-shearing
1 Samuel,25,9,13,Nabal insults David’s messengers; David arms his men in anger
1 Samuel,25,14,22,Servant warns Abigail of Nabal’s folly; David vows to destroy Nabal’s household
1 Samuel,25,23,31,"Abigail meets David with gifts; humbly pleads, takes blame, and urges him not to shed blood or avenge himself"
1 Samuel,25,32,38,David blesses the LORD and Abigail for restraining him; Nabal later hears and his heart fails; the LORD strikes him and he dies
1 Samuel,25,39,44,David recognizes God’s justice; sends to take Abigail as wife; she accepts; note of David’s other marriages and Michal given to another
,,,,
Book,Chapter,StartVerse,EndVerse,Description
1 Samuel,26,1,4,Ziphites again report David’s location to Saul; Saul goes to the wilderness of Ziph with three thousand men
1 Samuel,26,5,12,David and Abishai enter Saul’s camp by night; take Saul’s spear and water jug instead of killing him
1 Samuel,26,13,20,From a distance David confronts Abner and Saul; asks why Saul pursues him though he has not sinned
1 Samuel,26,21,25,"Saul confesses sin and calls David blessed; David returns Saul’s spear; they part, David going his way"
,,,,
1 Samuel,27,1,4,David decides Saul will eventually kill him and flees to Achish king of Gath
1 Samuel,27,5,7,David requests and receives Ziklag as a dwelling place from Achish; stays among Philistines
1 Samuel,27,8,12,David raids southern peoples but reports differently to Achish; Achish trusts David as ally
,,,,
1 Samuel,28,1,2,Philistines gather for war; Achish expects David to accompany him; David gives ambiguous assent
1 Samuel,28,3,7,Reminder of Samuel’s death and Saul’s earlier expulsion of mediums; Saul terrified by Philistine army and receives no answer from the LORD
1 Samuel,28,8,14,Saul disguises himself and visits the medium at Endor; she is shocked when Samuel actually appears
1 Samuel,28,15,19,"Samuel rebukes Saul, reiterates the LORD’s rejection, and foretells that Saul and his sons will die in the coming battle"
1 Samuel,28,20,25,Saul collapses in fear; the woman and his servants persuade him to eat; he departs that night
,,,,
1 Samuel,29,1,5,Philistine lords question David’s presence in their army as they gather at Aphek
1 Samuel,29,6,11,Achish defends David but sends him back at the lords’ insistence; David and his men return to Ziklag
,,,,
1 Samuel,30,1,6,David finds Ziklag burned and families taken captive by Amalekites; people weep and speak of stoning him
1 Samuel,30,7,10,"David strengthens himself in the LORD, inquires of God, and pursues with six hundred men; two hundred stay behind at the brook"
1 Samuel,30,11,20,Egyptian slave leads David to the Amalekites; David defeats them and recovers all; takes flocks as spoil
1 Samuel,30,21,25,Dispute over spoils; David declares equal share for those who stayed with the baggage; statute established
1 Samuel,30,26,31,David sends gifts from plunder to elders of Judah and his friends in various towns
,,,,
1 Samuel,31,1,3,"Philistines fight Israel on Mount Gilboa; Saul’s sons, including Jonathan, are killed"
1 Samuel,31,4,6,Saul is badly wounded by archers; he falls on his sword; his armor-bearer does likewise; Saul and his sons die
1 Samuel,31,7,10,Israelites flee cities; Philistines occupy them; Saul’s body is fastened to the wall of Beth Shan; armor placed in idol temple
1 Samuel,31,11,13,"Men of Jabesh Gilead retrieve bodies of Saul and sons, burn them, and bury their bones; fast seven days"
,,,,
Book,,,,
1 Samuel,27,1,4,David concludes Saul will eventually kill him and decides to flee to Achish king of Gath
1 Samuel,27,5,7,"David settles with his men and families under Achish; he asks for a town and is given Ziklag, where he stays among the Philistines"
1 Samuel,27,8,12,"David raids southern peoples but leaves none alive, while reporting to Achish as if he raids Judah; Achish trusts David and believes he has made himself odious to Israel"
,,,,
Book,Chapter,StartVerse,EndVerse,Description
2 Samuel,1,1,10,"An Amalekite arrives from the battle, reports Saul’s and Jonathan’s deaths, and claims to have killed Saul"
2 Samuel,1,11,16,David and his men mourn; David questions the Amalekite and has him executed for striking 'the LORD’s anointed'
2 Samuel,1,17,27,"David’s lament over Saul and Jonathan ('Song of the Bow'), instructing Judah to teach it"
2 Samuel,2,1,7,David inquires of the LORD and is directed to Hebron; he is anointed king over the house of Judah
2 Samuel,2,8,11,Abner makes Ish-bosheth king over the rest of Israel; note of the two kingdoms and length of David’s Hebron reign
2 Samuel,2,12,17,Abner and Joab’s men meet by the pool of Gibeon; contest between young men and ensuing fierce battle
2 Samuel,2,18,23,Pursuit of Abner; Asahel chases him and is killed by Abner
2 Samuel,2,24,32,Joab calls a halt to the fighting; Abner withdraws; list of casualties and return to Hebron
2 Samuel,3,1,5,Long war between house of Saul and house of David; David grows stronger; sons born to David in Hebron
2 Samuel,3,6,11,Quarrel between Ish-bosheth and Abner over Saul’s concubine; Abner decides to shift allegiance to David
2 Samuel,3,12,16,Abner communicates with David and elders of Israel; David demands Michal’s return; Michal brought back
2 Samuel,3,17,21,Abner persuades Israel and Benjamin; comes to David in Hebron; they feast and agree; Abner sent away in peace
2 Samuel,3,22,27,"Joab returns, hears of Abner, lures him back, and murders him in the gate in revenge for Asahel"
2 Samuel,3,28,39,"David publicly distances himself from the killing, laments Abner, honors him with a funeral, and rebukes Joab’s action"
2 Samuel,4,1,4,Ish-bosheth loses courage after Abner’s death; brief note about Mephibosheth’s lameness
2 Samuel,4,5,8,"Two captains, Rechab and Baanah, kill Ish-bosheth on his bed and bring his head to David in Hebron"
2 Samuel,4,9,12,David condemns them for murdering a righteous man in his house; orders their execution; Ish-bosheth’s head buried in Abner’s tomb
,,,,
Book,Chapter,StartVerse,EndVerse,Description
2 Samuel,5,1,5,Tribes of Israel come to Hebron; David is anointed king over all Israel; summary of his age and length of reign
2 Samuel,5,6,10,David captures Jerusalem (Zion) from the Jebusites and makes it his city
2 Samuel,5,11,16,Hiram of Tyre sends materials and craftsmen; David builds his house; more wives and children in Jerusalem
2 Samuel,5,17,21,"Philistines come against David; he inquires of the LORD, defeats them at Baal Perazim, and burns their idols"
2 Samuel,5,22,25,Philistines come up again; David inquires; LORD directs a different strategy; another victory from Geba to Gezer
,,,,
2 Samuel,6,1,5,David gathers chosen men to bring up the ark from Baale Judah with music and rejoicing
2 Samuel,6,6,11,Uzzah touches the ark and dies; David becomes afraid and leaves the ark at the house of Obed-Edom
2 Samuel,6,12,19,"Hearing of blessing on Obed-Edom, David brings the ark to Jerusalem with sacrifices and dancing; distributes food to the people"
2 Samuel,6,20,23,Michal despises David in her heart; confronts him; David defends his worship; Michal remains childless
,,,,
2 Samuel,7,1,3,David expresses desire to build a house for the LORD; Nathan initially approves
2 Samuel,7,4,7,Word of the LORD to Nathan: David is not to build the house; God has dwelt in a tent
2 Samuel,7,8,17,"Covenant with David: God will build David a house, establish his throne forever, and discipline but not reject his offspring"
2 Samuel,7,18,29,David’s prayer of humility and praise; he asks the LORD to confirm His word concerning his house
,,,,
2 Samuel,8,1,8,"David defeats Philistines, Moab, and Hadadezer of Zobah; takes spoil and control"
2 Samuel,8,9,14,Toi of Hamath sends Joram with gifts; David dedicates silver and gold to the LORD; LORD gives victory wherever he goes
2 Samuel,8,15,18,Summary of David’s just rule and chief officials in his administration
,,,,
2 Samuel,9,1,5,David seeks to show kindness to the house of Saul for Jonathan’s sake; learns of Mephibosheth
2 Samuel,9,6,8,"Mephibosheth comes before David; David promises kindness, restoration of land, and a place at the king’s table"
2 Samuel,9,9,13,Ziba appointed to work the land for Mephibosheth; Mephibosheth eats regularly at David’s table despite his lameness
,,,,
2 Samuel,10,1,5,"After Nahash’s death, David sends messengers to console Hanun of Ammon; Hanun humiliates them"
2 Samuel,10,6,14,Ammonites hire Aramean forces; Joab divides forces against both; he and Abishai encourage one another and fight
2 Samuel,10,15,19,Arameans regroup and are defeated by David; they make peace and refuse to help Ammon again
,,,,
Book,Chapter,StartVerse,EndVerse,Description
2 Samuel,11,1,5,"In the season when kings go to war David remains in Jerusalem; he sees Bathsheba, sends for her, and she conceives"
2 Samuel,11,6,13,"David recalls Uriah from the battle and tries to cover the pregnancy by sending him home, but Uriah refuses to go to his house"
2 Samuel,11,14,17,David sends a letter by Uriah arranging his death in battle; Joab places him in the front; Uriah is killed
2 Samuel,11,18,25,Joab sends a report of the battle; messenger informs David of Uriah’s death; David instructs Joab not to be dismayed
2 Samuel,11,26,27,Bathsheba mourns for Uriah; David brings her to his house and she becomes his wife; the deed displeases the LORD
,,,,
2 Samuel,12,1,6,Nathan comes to David with a parable of a rich man stealing a poor man’s lamb; David condemns the man in anger
2 Samuel,12,7,10,Nathan declares 'You are the man'; recounts the LORD’s gifts to David and announces consequences for his sin
2 Samuel,12,11,14,Prophecy of calamity in David’s house and public disgrace; David confesses; Nathan says the LORD has put away his sin but the child will die
2 Samuel,12,15,23,"Child becomes ill; David fasts and pleads; the child dies; David rises, worships, and explains his acceptance"
2 Samuel,12,24,25,Birth of Solomon to David and Bathsheba; the LORD loves him and sends word through Nathan naming him Jedidiah
2 Samuel,12,26,31,"Joab captures Rabbah’s royal city; David comes, takes the crown and spoils, and puts the Ammonites to forced labor"
,,,,
Book,Chapter,StartVerse,EndVerse,Description
2 Samuel,13,1,5,Amnon loves his half-sister Tamar and becomes sick with desire for her
2 Samuel,13,6,14,With Jonadab’s help Amnon deceives Tamar and rapes her
2 Samuel,13,15,19,Amnon suddenly hates Tamar and sends her away in disgrace
2 Samuel,13,20,22,Absalom shelters Tamar and conceals his hatred; David is angry but does not punish Amnon
2 Samuel,13,23,29,Two years later Absalom arranges for Amnon to be killed at Baal-hazor during sheep-shearing
2 Samuel,13,30,33,Initial report that all the king’s sons are dead; Jonadab clarifies only Amnon has been killed
2 Samuel,13,34,39,Sons return; David mourns; Absalom flees to Geshur and remains there three years
2 Samuel,14,1,3,Joab devises a plan to move David toward reconciliation with Absalom
2 Samuel,14,4,20,"Wise woman of Tekoa tells a parable to David, leading him to acknowledge mercy toward his banished son"
2 Samuel,14,21,24,David permits Absalom’s return to Jerusalem but forbids him from seeing the king
2 Samuel,14,25,27,Description of Absalom’s beauty and hair; birth of his three sons and daughter Tamar
2 Samuel,14,28,33,After two years Absalom forces Joab to intercede; David finally sees Absalom and kisses him
2 Samuel,15,1,6,Absalom acquires chariots and fifty men; wins hearts of Israelites by intercepting and flattering petitioners
2 Samuel,15,7,12,Absalom asks leave to go to Hebron; there he declares himself king and strengthens the conspiracy
2 Samuel,15,13,18,News reaches David; he decides to flee Jerusalem with his household and loyal servants
2 Samuel,15,19,23,Ittai the Gittite pledges loyalty and chooses to go with David
2 Samuel,15,24,29,"Zadok and priests bring the ark; David sends the ark back, committing outcomes to the LORD"
2 Samuel,15,30,37,David ascends the Mount of Olives weeping; hears of Ahithophel’s betrayal; sends Hushai back to counter Ahithophel
2 Samuel,16,1,4,Ziba meets David with supplies and slanders Mephibosheth; David gives Mephibosheth’s property to Ziba
2 Samuel,16,5,14,Shimei curses and throws stones at David; David restrains his men and accepts it as possibly from the LORD
2 Samuel,16,15,19,"Absalom enters Jerusalem; Hushai offers to serve him, claiming loyalty"
2 Samuel,16,20,23,"Ahithophel advises Absalom to go in to David’s concubines; Absalom does so publicly, fulfilling prophecy of David’s humiliation"
2 Samuel,17,1,4,Ahithophel proposes a swift night attack on David with twelve thousand men
2 Samuel,17,5,14,Hushai advises delaying and mustering all Israel; Absalom and elders accept Hushai’s counsel; LORD defeats Ahithophel’s advice
2 Samuel,17,15,22,Hushai sends word through priests to David to cross the Jordan quickly; David and people cross by dawn
2 Samuel,17,23,23,"Ahithophel, seeing his counsel rejected, goes home and hangs himself"
2 Samuel,17,24,29,"David reaches Mahanaim; Shobi, Machir, and Barzillai supply provisions for him and his people"
2 Samuel,18,1,5,"David musters troops under Joab, Abishai, and Ittai; orders them to deal gently with Absalom"
2 Samuel,18,6,8,Battle in the forest of Ephraim; Israel is defeated before David’s servants; many fall
2 Samuel,18,9,15,Absalom caught by his hair in a tree; Joab and his armor-bearers kill him despite David’s command
2 Samuel,18,16,18,Joab stops pursuit; Absalom’s body thrown into a pit and covered; note of Absalom’s pillar
2 Samuel,18,19,27,Ahimaaz and the Cushite run with news; David waits anxiously at the gate
2 Samuel,18,28,33,Cushite announces victory and Absalom’s death; David mourns bitterly: 'O my son Absalom…'
2 Samuel,19,1,8,Joab rebukes David for excessive mourning that discourages troops; David appears in the gate to encourage them
2 Samuel,19,9,15,Israel argues about bringing David back; Judah is persuaded; king returns to Jordan
2 Samuel,19,16,23,"Shimei meets David, confesses and asks forgiveness; David swears he shall not die"
2 Samuel,19,24,30,"Mephibosheth meets David, defends his loyalty, and accepts David’s divided ruling over his land with Ziba"
2 Samuel,19,31,39,Barzillai the Gileadite is honored; declines to go to Jerusalem; his servant Chimham goes instead
2 Samuel,19,40,43,Quarrel between men of Israel and Judah over who has more claim to the king
2 Samuel,20,1,2,Sheba son of Bichri blows a trumpet and calls Israel away from David; men of Israel withdraw from following David
2 Samuel,20,3,3,David returns to his house; isolates the concubines Absalom had violated
2 Samuel,20,4,13,Amasa is late to muster Judah; Joab meets him and kills him; Joab resumes command
2 Samuel,20,14,22,Sheba shelters in Abel Beth-maacah; wise woman negotiates with Joab; city delivers Sheba’s head and siege ends
2 Samuel,20,23,26,List of officials in David’s administration at this stage
,,,,
Book,Chapter,StartVerse,EndVerse,Description
2 Samuel,21,1,6,Famine during David’s reign; inquiry reveals guilt for Saul’s slaughter of the Gibeonites; Gibeonites ask for seven of Saul’s descendants
2 Samuel,21,7,9,David spares Mephibosheth for Jonathan’s sake and hands over seven others; they are executed before the LORD
2 Samuel,21,10,14,Rizpah guards the bodies; David gathers and buries the bones of Saul and Jonathan and the executed; God responds to prayer for the land
2 Samuel,21,15,17,Philistine war; David grows faint; Abishai saves him from Ishbi-benob; David is told not to go out to battle
2 Samuel,21,18,22,Further battles with Philistine giants; several descendants of Rapha are killed by David’s men
,,,,
2 Samuel,22,1,4,"David’s song of praise to the LORD as rock, fortress, and deliverer"
2 Samuel,22,5,20,Description of God’s powerful deliverance from enemies and death
2 Samuel,22,21,31,David reflects on his righteousness and the LORD’s just ways with the faithful and crooked
2 Samuel,22,32,46,"The LORD equips David for battle, gives him victory over nations, and subdues enemies"
2 Samuel,22,47,51,Closing praise: the LORD lives; He shows steadfast love to David and his offspring forever
,,,,
2 Samuel,23,1,7,David’s last words: oracle about just rulers and God’s everlasting covenant with him
2 Samuel,23,8,12,List and exploits of the three chief mighty men
2 Samuel,23,13,17,Three break through Philistine lines to bring David water from Bethlehem; he pours it out to the LORD
2 Samuel,23,18,23,Abishai and Benaiah and their notable deeds; they are honored among the mighty men
2 Samuel,23,24,39,Listing of the rest of David’s mighty men by name
,,,,
2 Samuel,24,1,4,Again the LORD’s anger burns against Israel; David is incited to number Israel; Joab objects but is overruled
2 Samuel,24,5,9,Joab and commanders travel throughout Israel and Judah to register the fighting men; total given to the king
2 Samuel,24,10,14,David’s heart strikes him; he confesses sin; the LORD offers three judgment options; David chooses to fall into God’s hand
2 Samuel,24,15,17,Plague strikes Israel; seventy thousand die; angel stretches hand over Jerusalem; David pleads for the people
2 Samuel,24,18,25,"David buys Araunah’s threshing floor, refusing a free offering; he builds an altar; LORD answers by fire and the plague is stopped"
,,,,
Book,Chapter,StartVerse,EndVerse,Description
1 Kings,1,1,4,David old and unable to keep warm; Abishag the Shunammite attends him
1 Kings,1,5,10,Adonijah exalts himself as king with chariots and supporters including Joab and Abiathar
1 Kings,1,11,21,Nathan and Bathsheba approach David about Adonijah’s actions and Solomon’s promised succession
1 Kings,1,22,27,Nathan confirms Bathsheba’s report and urges David to act to avoid confusion over the throne
1 Kings,1,28,37,"David publicly orders Solomon to be anointed king; instructions given to Zadok, Nathan, and Benaiah"
1 Kings,1,38,40,Solomon anointed at Gihon; people rejoice; city in uproar with celebration
1 Kings,1,41,48,Adonijah’s guests hear the news; Jonathan reports Solomon’s anointing and David’s blessing
1 Kings,1,49,53,"Adonijah fears Solomon, takes hold of the altar; Solomon spares him on condition of proven worthiness"
,,,,
1 Kings,2,1,4,"David’s charge to Solomon to be strong, keep the LORD’s commands, and walk in His ways"
1 Kings,2,5,9,"David’s instructions regarding Joab, Barzillai’s sons, and Shimei"
1 Kings,2,10,12,David’s death and burial; Solomon firmly established on the throne
1 Kings,2,13,18,Adonijah asks Bathsheba to request Abishag as his wife
1 Kings,2,19,25,Solomon interprets Adonijah’s request as a threat; has Adonijah put to death
1 Kings,2,26,27,"Solomon removes Abiathar from the priesthood, fulfilling word concerning Eli’s house"
1 Kings,2,28,35,Joab flees to the tent of the LORD but is executed; Benaiah replaces him; Zadok becomes priest
1 Kings,2,36,46,Shimei confined to Jerusalem under oath; later disobeys and is executed; kingdom firmly in Solomon’s hand
,,,,
1 Kings,3,1,3,Solomon makes alliance with Pharaoh and marries his daughter; people still sacrifice at high places
1 Kings,3,4,9,At Gibeon Solomon asks the LORD for wisdom to govern the people
1 Kings,3,10,15,God grants wisdom plus riches and honor; Solomon returns to Jerusalem and sacrifices before the ark
1 Kings,3,16,22,Two prostitutes come before Solomon disputing over a living child
1 Kings,3,23,28,Solomon’s proposal to divide the child reveals the true mother; Israel recognizes his God-given wisdom
,,,,
1 Kings,4,1,6,Listing of Solomon’s chief officials
1 Kings,4,7,19,Twelve district governors provide for the king and his household
1 Kings,4,20,28,Judah and Israel numerous and at peace; Solomon’s daily provisions and dominion described
1 Kings,4,29,34,"Solomon’s great wisdom, breadth of understanding, proverbs, and songs; fame reaches many nations"
,,,,
1 Kings,5,1,5,Solomon recalls David’s desire to build a house for the LORD and his own call to do it
1 Kings,5,6,12,"Agreement with Hiram king of Tyre for cedar, cypress, and laborers; LORD gives peace and wisdom"
1 Kings,5,13,18,Solomon conscripts labor; describes workforces preparing materials for the temple
,,,,
1 Kings,6,1,10,"Description of temple dimensions, structure, and side chambers"
1 Kings,6,11,13,Word of the LORD promising to dwell among Israel if Solomon walks in His statutes
1 Kings,6,14,22,Interior lined with cedar and overlaid with gold; inner sanctuary prepared for the ark
1 Kings,6,23,30,Cherubim of olive wood and gold inside inner sanctuary; flooring of cypress overlaid with gold
1 Kings,6,31,38,Doors and carvings; overall completion time of seven years
,,,,
1 Kings,7,1,5,Solomon builds his own house (palace) over thirteen years
1 Kings,7,6,12,"House of the Forest of Lebanon, Hall of Pillars, Hall of Judgment, and residence buildings described"
1 Kings,7,13,22,Huram brought from Tyre; he casts bronze pillars Jakin and Boaz
1 Kings,7,23,26,Sea of cast metal (bronze basin) made and set on twelve oxen
1 Kings,7,27,39,Ten bronze stands and basins; utensils and furnishings of bronze completed
1 Kings,7,40,51,Summary of bronze work by Huram; Solomon’s gold furnishings for the temple; temple treasures placed in the treasury
,,,,
1 Kings,8,1,11,Ark brought from Zion to the temple; cloud fills the house; priests cannot stand to minister
1 Kings,8,12,21,Solomon’s introductory words and recounting of God’s promise to David
1 Kings,8,22,30,Solomon’s prayer: appeal for God’s eyes and ears toward this house and His people
1 Kings,8,31,40,"Prayer about various situations (oaths, defeat, drought, famine) and forgiveness when people turn and pray toward the temple"
1 Kings,8,41,43,Prayer for foreigners who come to pray toward this house
1 Kings,8,44,53,"Prayer about war, exile, and return when hearts turn back to the LORD"
1 Kings,8,54,61,"Solomon blesses the assembly, praises God’s faithfulness, and exhorts wholehearted obedience"
1 Kings,8,62,66,Great sacrifices offered; fourteen-day feast; people sent away joyful and glad of heart
,,,,
1 Kings,9,1,9,"The LORD appears to Solomon again, confirming the temple, but warning about disobedience and exile"
1 Kings,9,10,14,Account of cities given to Hiram and his reaction; exchange of gold and building projects
1 Kings,9,15,23,"Solomon’s forced labor for building the temple, palace, Millo, wall, and other cities"
1 Kings,9,24,28,Pharaoh’s daughter moves from the city of David; Solomon’s offerings three times a year; fleet brings gold from Ophir
,,,,
1 Kings,10,1,5,Queen of Sheba comes with hard questions and rich gifts to test Solomon’s wisdom
1 Kings,10,6,9,Sheba acknowledges Solomon’s wisdom and the LORD’s blessing on Israel
1 Kings,10,10,13,Exchange of gifts; Sheba departs to her land
1 Kings,10,14,22,"Description of Solomon’s immense wealth from gold, trade, and tribute"
1 Kings,10,23,29,"Solomon surpasses all kings in riches and wisdom; details on chariots, horses, and imported goods"
,,,,
1 Kings,11,1,8,Solomon’s many foreign wives turn his heart to other gods; he builds high places for their idols
1 Kings,11,9,13,"The LORD angry with Solomon; announces division of the kingdom, yet preserving a tribe for David’s sake"
1 Kings,11,14,25,Adversaries raised against Solomon: Hadad the Edomite and Rezon of Damascus
1 Kings,11,26,40,Jeroboam’s rise; Ahijah’s prophecy of ten tribes to Jeroboam; Solomon seeks to kill him; Jeroboam flees to Egypt
1 Kings,11,41,43,Summary of Solomon’s reign; his death and burial; Rehoboam his son reigns